index,n_cells
0610007C21Rik,1023
0610007L01Rik,918
0610007P14Rik,924
0610007P22Rik,639
0610009B22Rik,763
0610009D07Rik,1182
0610010K14Rik,1059
0610011F06Rik,814
0610012G03Rik,1125
0610030E20Rik,627
0610031J06Rik,940
0610037L13Rik,888
0610037P05Rik,807
0910001L09Rik,1155
1110001A16Rik,990
1110001J03Rik,1006
1110002B05Rik,1107
1110003E01Rik,1145
1110004E09Rik,851
1110004F10Rik,1133
1110005A03Rik,966
1110007C09Rik,836
1110008F13Rik,1175
1110008P14Rik,1033
1110014N23Rik,619
1110038B12Rik,1003
1110038F14Rik,758
1110049F12Rik,807
1110058L19Rik,780
1110059E24Rik,663
1110059G10Rik,604
1110065P20Rik,713
1110067D22Rik,610
1190002H23Rik,664
1190003J15Rik,625
1190007I07Rik,613
1300001I01Rik,761
1300002E11Rik,635
1500003O03Rik,1046
1500011K16Rik,1080
1500012F01Rik,1118
1500032L24Rik,1196
1600002K03Rik,708
1600012F09Rik,659
1700011J10Rik,623
1700020I14Rik,796
1700021F05Rik,665
1700025G04Rik,833
1700037H04Rik,683
1700081L11Rik,697
1700123O20Rik,958
1810006K21Rik,1180
1810008A18Rik,793
1810009A15Rik,1044
1810011O10Rik,674
1810012P15Rik,615
1810013D10Rik,791
1810013L24Rik,663
1810020D17Rik,646
1810022K09Rik,1089
1810026B05Rik,789
1810027O10Rik,1184
1810030N24Rik,662
1810031K17Rik,776
1810035L17Rik,1170
1810037I17Rik,1195
1810043H04Rik,1091
1810046J19Rik,1147
1810058I24Rik,1133
1810063B05Rik,742
2010003O02Rik,810
2010011I20Rik,680
2010012O05Rik,821
2010106G01Rik,707
2010107E04Rik,1194
2010107H07Rik,757
2010109K11Rik,602
2200002D01Rik,702
2210013O21Rik,891
2210016F16Rik,859
2210016L21Rik,730
2210021J22Rik,679
2210403K04Rik,738
2210411K11Rik,1048
2310003C23Rik,800
2310003F16Rik,1189
2310004N24Rik,995
2310008H09Rik,957
2310009A05Rik,858
2310009B15Rik,870
2310011J03Rik,898
2310016M24Rik,1185
2310033P09Rik,675
2310035C23Rik,615
2310036O22Rik,1188
2310039H08Rik,937
2310044H10Rik,1140
2310045N01Rik,888
2310047M10Rik,610
2310061C15Rik,715
2400001E08Rik,1111
2400003C14Rik,954
2410001C21Rik,988
2410002O22Rik,765
2410003K15Rik,846
2410004B18Rik,681
2410004N09Rik,812
2410006H16Rik,1150
2410015M20Rik,1190
2410017P09Rik,790
2410042D21Rik,638
2410127L17Rik,914
2500003M10Rik,1108
2510002D24Rik,830
2510006D16Rik,1121
2510039O18Rik,791
2610001J05Rik,1095
2610002J02Rik,840
2610027L16Rik,602
2610029G23Rik,910
2610101N10Rik,986
2610507B11Rik,866
2700029M09Rik,888
2700060E02Rik,1191
2700078E11Rik,638
2700089E24Rik,970
2700094K13Rik,1059
2810002N01Rik,859
2810004N23Rik,808
2810008M24Rik,860
2810021B07Rik,852
2810025M15Rik,616
2810405K02Rik,625
2810407C02Rik,1140
2810422J05Rik,1032
2810428I15Rik,1126
2810432D09Rik,751
2810453I06Rik,792
2810474O19Rik,823
2900010M23Rik,1185
2900053A13Rik,1109
2900064A13Rik,1128
2900092E17Rik,703
2900097C17Rik,1049
3110001D03Rik,905
3110003A17Rik,1147
3110040N11Rik,686
3200002M19Rik,729
3230401D17Rik,985
3830406C13Rik,757
4732418C07Rik,754
4833439L19Rik,957
4921524J17Rik,669
4930453N24Rik,603
4930523C07Rik,869
4930526I15Rik,702
4932438A13Rik,672
4933407C03Rik,987
4933426M11Rik,696
4933433P14Rik,678
4933434E20Rik,844
4933439F18Rik,674
5033414D02Rik,904
5133401N09Rik,808
5430437P03Rik,1014
5730437N04Rik,880
5730469M10Rik,651
5730494N06Rik,689
5730508B09Rik,648
5730559C18Rik,599
6330578E17Rik,764
6430527G18Rik,684
6720456B07Rik,1179
6820431F20Rik,884
9130011J15Rik,1122
9130401M01Rik,803
9430016H08Rik,675
9430023L20Rik,901
9530068E07Rik,969
9930021J03Rik,615
A430005L14Rik,654
A730098P11Rik,716
AI314180,651
AI314976,769
AI316807,788
AI413582,877
AI462493,1108
AI661453,665
AI837181,623
AI848100,788
AW555464,777
Aamp,1159
Aars,691
Aarsd1,885
Aasdhppt,741
Abcd3,926
Abce1,942
Abcf1,1097
Abcf2,919
Abhd11,830
Abhd12,865
Abhd14b,641
Abhd16a,934
Abhd5,764
Abi1,1042
Ablim1,769
Abt1,673
Acaa1a,1091
Acaa2,1054
Acad9,773
Acadl,1054
Acadm,923
Acads,692
Acadvl,959
Acap2,808
Acat1,993
Acbd3,812
Acbd5,683
Acbd6,1122
Acd,631
Acer3,632
Acin1,1075
Acly,939
Aco2,1090
Acot1,721
Acot13,891
Acot7,888
Acot8,692
Acot9,742
Acox1,780
Acp1,1095
Acp5,600
Acsl1,752
Acsl3,764
Acsl5,1056
Actb,1196
Actg1,1196
Actl6a,843
Actn4,1173
Actr10,979
Actr1a,975
Actr1b,680
Actr2,1145
Actr3,1174
Acyp1,799
Adam10,908
Adam15,682
Add1,915
Add3,705
Adh5,865
Adipor1,1166
Adipor2,863
Adk,722
Adnp,679
Adprh,794
Adrb2,627
Adrbk1,918
Adrm1,1130
Adsl,748
Adss,1051
Aebp2,885
Aen,755
Aes,1191
Aff4,918
Afg3l1,882
Afg3l2,737
Aftph,872
Agap3,650
Agfg1,710
Aggf1,776
Agpat3,765
Agpat5,723
Agpat6,790
Agps,652
Ahctf1,607
Ahcy,804
Ahcyl1,774
Ahcyl2,667
Ahnak,986
Ahr,666
Ahsa1,1045
Aim1,641
Aimp1,1129
Aimp2,742
Aip,794
Ak2,1103
Ak3,906
Akap13,895
Akap8,666
Akap9,1032
Akirin1,1015
Akirin2,1031
Akr1a1,1196
Akr7a5,907
Akt1,915
Akt1s1,934
Akt2,794
Aktip,702
Alad,689
Alas1,753
Alcam,660
Aldh2,945
Aldh3a1,667
Aldh9a1,771
Aldoa,1195
Alg5,806
Alkbh5,937
Alkbh6,694
Alkbh7,609
Alyref,1084
Amfr,1037
Ammecr1l,722
Anapc10,634
Anapc11,1131
Anapc13,1192
Anapc16,953
Anapc2,774
Anapc5,1128
Anapc7,668
Angel2,670
Ank,615
Ank3,700
Ankhd1,763
Ankrd11,970
Ankrd12,931
Ankrd13a,930
Ankrd17,965
Ano6,682
Anp32a,1158
Anp32b,1178
Anp32e,1046
Anxa1,1059
Anxa11,924
Anxa2,1114
Anxa3,658
Anxa4,880
Anxa5,1032
Anxa7,1128
Anxa8,687
Ap1b1,830
Ap1g1,750
Ap1s1,1017
Ap2a1,747
Ap2a2,736
Ap2b1,875
Ap2m1,1175
Ap2s1,1152
Ap3b1,834
Ap3d1,659
Ap3m1,613
Ap3s1,937
Ap3s2,664
Ap4s1,803
Apc,690
Apex1,888
Aph1a,1037
Api5,940
Aplp2,1023
Apoa1bp,1030
Apoc1,623
Apoe,888
Apoo,732
App,1011
Appbp2,630
Appl1,726
Aprt,1145
Aqp3,809
Aqr,634
Araf,751
Arap2,752
Arcn1,950
Areg,667
Arf1,1196
Arf3,1017
Arf4,1181
Arf5,1195
Arf6,1179
Arfgap2,819
Arfgef1,922
Arfip1,670
Arfip2,743
Arfrp1,863
Arglu1,1005
Arhgap1,779
Arhgap32,637
Arhgap5,808
Arhgdia,1186
Arhgef1,766
Arhgef12,807
Arhgef5,678
Arid1a,1028
Arid1b,716
Arid2,664
Arid4a,685
Arid4b,918
Arid5b,805
Arih1,924
Arih2,710
Arl13b,622
Arl2,826
Arl2bp,981
Arl3,802
Arl4a,854
Arl5a,670
Arl6ip1,1174
Arl6ip4,982
Arl6ip5,1001
Arl6ip6,674
Arl8a,692
Arl8b,1047
Armc1,782
Armc10,631
Arpc1a,1163
Arpc1b,946
Arpc2,1196
Arpc3,1192
Arpc4,1148
Arpc5,1188
Arpc5l,1148
Arpp19,1190
Arrdc1,640
Arrdc4,604
Asah1,797
Asap1,603
Ascc1,783
Ascc3,683
Asf1a,765
Ash1l,1001
Ash2l,697
Asna1,994
Asns,675
Asnsd1,935
Aspscr1,772
Asxl2,688
Atad1,811
Atad3a,749
Atf1,895
Atf2,610
Atf3,870
Atf4,1182
Atf5,639
Atf6b,817
Atg12,727
Atg3,1016
Atg4b,735
Atg4d,696
Atg5,773
Atic,625
Atl2,665
Atox1,1196
Atp11a,645
Atp11b,824
Atp13a1,607
Atp13a3,841
Atp1a1,1132
Atp1b3,1129
Atp2a2,1086
Atp2b1,1031
Atp2c1,655
Atp5a1,1196
Atp5b,1196
Atp5c1,1194
Atp5d,1196
Atp5e,1196
Atp5f1,1193
Atp5g1,1195
Atp5g2,1196
Atp5g3,1193
Atp5h,1196
Atp5j,1196
Atp5j2,1196
Atp5k,1175
Atp5l,1196
Atp5o,1193
Atp6ap1,1050
Atp6ap2,1099
Atp6v0a1,619
Atp6v0b,1174
Atp6v0d1,1076
Atp6v0e,1193
Atp6v1a,1047
Atp6v1b2,932
Atp6v1c1,889
Atp6v1d,1094
Atp6v1e1,1136
Atp6v1f,1192
Atp6v1g1,1190
Atp6v1h,746
Atpaf2,637
Atpif1,1194
Atrx,998
Atxn10,1078
Atxn2,645
Atxn2l,881
Atxn7,692
Atxn7l3b,1144
Aup1,1020
Aurkaip1,1163
Avpi1,919
Azi2,801
Azin1,972
B230120H23Rik,740
B230208H17Rik,930
B230219D22Rik,941
B230312A22Rik,639
B2m,1143
B3gat3,608
B3gnt2,935
B4galt1,770
B4galt3,668
BC002163,694
BC003266,762
BC003331,603
BC003965,887
BC004004,985
BC005561,773
BC005624,902
BC013529,758
BC017612,736
BC031181,1154
BC031781,983
BC056474,1139
Bach1,615
Bad,994
Bag1,1189
Bag2,694
Bag3,858
Bag5,683
Bag6,965
Baiap2,940
Bak1,748
Banf1,1144
Bax,1152
Baz1a,1022
Baz1b,800
Baz2a,862
Baz2b,770
Bbip1,703
Bbx,693
Bcam,666
Bcap29,623
Bcap31,1159
Bcas2,1169
Bcat2,753
Bccip,1036
Bckdha,745
Bckdk,906
Bcl10,1044
Bcl2l1,642
Bcl2l13,726
Bcl3,646
Bcl7b,779
Bcl7c,1019
Bclaf1,1031
Bdp1,735
Becn1,1071
Bet1,923
Bet1l,729
Bhlhe40,785
Bicd2,809
Bin3,784
Birc6,875
Blmh,988
Bloc1s1,1157
Bloc1s2,992
Blvra,625
Blvrb,945
Bmpr1a,634
Bmyc,639
Bnip2,997
Bnip3l,1139
Bod1,907
Bod1l,838
Bok,644
Bola1,904
Bola2,1157
Bola3,1110
Bop1,728
Bpgm,615
Bphl,729
Bptf,965
Brap,623
Brcc3,817
Brd1,737
Brd2,1138
Brd3,867
Brd4,1031
Brd7,854
Brd8,691
Bre,693
Bri3,1167
Bri3bp,660
Brix1,835
Brms1,800
Brox,672
Brp44,1179
Brp44l,1148
Brwd1,797
Bscl2,970
Bsdc1,643
Bsg,1195
Bspry,641
Bst2,632
Btaf1,716
Btbd1,1033
Btbd10,616
Btbd2,605
Btf3,1195
Btf3l4,1046
Btg1,1170
Btg2,1104
Bub3,997
Bud31,1101
Bysl,612
Bzw1,1153
Bzw2,900
C030046I01Rik,1149
C130022K22Rik,629
C1d,1025
C1qbp,1132
C330006A16Rik,715
C330007P06Rik,599
C77080,688
C80913,743
Cab39,1066
Cab39l,850
Cacybp,1098
Calm1,1196
Calm2,1190
Calm3,1077
Calr,1195
Calu,890
Camta1,705
Cand1,789
Canx,1188
Capg,1059
Capn1,907
Capn2,676
Capns1,1121
Caprin1,1101
Capza1,1055
Capza2,1148
Capzb,1193
Carhsp1,710
Carkd,1005
Casc3,643
Casp8,663
Cast,941
Casz1,821
Cat,817
Cbfb,910
Cbr1,874
Cbx1,713
Cbx3,1007
Cbx4,785
Cbx5,704
Ccar1,975
Ccbl1,660
Ccdc101,629
Ccdc104,723
Ccdc107,770
Ccdc115,784
Ccdc12,1176
Ccdc124,1097
Ccdc127,661
Ccdc23,974
Ccdc25,773
Ccdc34,786
Ccdc47,906
Ccdc50,766
Ccdc53,927
Ccdc55,852
Ccdc56,1155
Ccdc58,783
Ccdc59,916
Ccdc6,727
Ccdc72,1195
Ccdc85b,904
Ccdc86,730
Ccdc90a,716
Ccdc90b,610
Ccm2,610
Ccnd1,631
Ccnd2,715
Ccnd3,895
Ccndbp1,705
Ccng1,740
Ccnh,628
Ccni,993
Ccnk,614
Ccnl1,1145
Ccnl2,950
Ccny,746
Ccpg1,633
Ccrn4l,828
Ccs,819
Cct2,1171
Cct3,1130
Cct4,1177
Cct5,1187
Cct6a,626
Cct7,1167
Cct8,1137
Ccz1,902
Cd151,872
Cd164,1114
Cd24a,1140
Cd2ap,865
Cd2bp2,705
Cd3eap,726
Cd44,1012
Cd47,1069
Cd63,1021
Cd74,721
Cd81,1117
Cd82,886
Cd9,1053
Cdc123,978
Cdc16,752
Cdc26,1000
Cdc27,639
Cdc34,965
Cdc37,1170
Cdc37l1,600
Cdc40,614
Cdc42,1196
Cdc42bpb,607
Cdc42ep3,807
Cdc42ep4,779
Cdc42ep5,755
Cdc42se1,1053
Cdc5l,899
Cdca4,727
Cdh1,835
Cdipt,947
Cdk11b,905
Cdk12,896
Cdk13,700
Cdk16,843
Cdk2ap1,963
Cdk2ap2,1161
Cdk4,1127
Cdk5rap3,743
Cdk8,619
Cdk9,930
Cdkn1a,928
Cdkn2aipnl,692
Cds1,647
Cdv3,1149
Cebpa,890
Cebpb,1068
Cebpd,764
Cebpg,983
Cebpz,977
Celf1,915
Celf2,629
Celsr2,647
Cenpb,921
Cep164,734
Cept1,843
Cetn2,921
Cetn3,1125
Cfdp1,1137
Cfl1,1196
Cfl2,907
Cflar,609
Cggbp1,1053
Chchd1,1126
Chchd10,1066
Chchd2,1196
Chchd3,1099
Chchd4,796
Chchd5,758
Chchd6,682
Chchd7,969
Chd1,905
Chd2,705
Chd3,642
Chd4,1150
Chd6,628
Chd7,606
Chd8,650
Chd9,625
Chic2,1061
Chka,830
Chmp1a,1053
Chmp1b,886
Chmp2a,1180
Chmp2b,1059
Chmp3,1088
Chmp4b,1183
Chmp5,1105
Chmp6,834
Chordc1,703
Chrac1,940
Chtf8,881
Chuk,601
Churc1,1145
Ciapin1,758
Cib1,1084
Cic,626
Cinp,658
Cir1,755
Cirbp,952
Cirh1a,627
Cisd1,1123
Cisd2,1076
Cisd3,660
Cish,675
Cited2,871
Ckap4,923
Ckap5,619
Ckmt1,709
Cks1b,709
Cks2,885
Clasp1,641
Clcc1,687
Clcn3,821
Clcn4-2,886
Cldn25,1065
Cldn4,767
Clic1,1185
Clic4,779
Clint1,1080
Clip1,877
Clk1,1046
Clk3,821
Clk4,755
Cln5,662
Cln8,653
Clns1a,982
Clpb,691
Clpp,962
Clptm1,1009
Clptm1l,1083
Clpx,845
Clta,1196
Cltb,1034
Cltc,1095
Clu,666
Cmas,955
Cmc1,965
Cmpk1,1161
Cmtm6,855
Cnbp,1196
Cndp2,823
Cnih,1089
Cnih4,1103
Cnn2,889
Cnn3,739
Cno,785
Cnot1,881
Cnot2,784
Cnot3,687
Cnot4,928
Cnot6,647
Cnot6l,645
Cnot8,638
Cnpy2,1146
Cnpy3,632
Coasy,638
Cobra1,845
Col4a3bp,599
Commd1,1095
Commd10,620
Commd2,810
Commd3,1064
Commd4,959
Commd6,1047
Commd7,921
Commd8,857
Commd9,684
Comt,1135
Copa,1038
Copb1,997
Copb2,1007
Cope,1145
Copg,830
Cops2,976
Cops3,885
Cops4,1032
Cops5,1008
Cops6,1112
Cops7a,1048
Cops8,1008
Copz1,1074
Coq10b,879
Coq2,960
Coq7,860
Coq9,722
Coro1b,1028
Coro1c,969
Cotl1,867
Cox16,992
Cox17,1187
Cox19,831
Cox4i1,1196
Cox4nb,932
Cox5a,1195
Cox5b,1194
Cox6a1,1196
Cox6b1,1195
Cox6c,1196
Cox7a2,1196
Cox7a2l,1194
Cox7b,1195
Cox7c,1196
Cox8a,1196
Cpd,655
Cpeb2,707
Cpne1,602
Cpne3,883
Cpox,689
Cpsf2,723
Cpsf3l,734
Cpsf6,878
Cpt1a,773
Cr1l,798
Crb3,776
Crcp,652
Creb1,648
Creb3,623
Crebbp,703
Creg1,987
Creld2,834
Crip1,1158
Crip2,960
Cript,1121
Crk,923
Crot,682
Cryzl1,608
Cs,1117
Csda,1140
Csde1,1183
Cse1l,710
Csk,842
Csnk1a1,1185
Csnk1d,1037
Csnk1e,731
Csnk1g2,866
Csnk1g3,657
Csnk2a1,1158
Csnk2b,1139
Csrnp1,839
Csrp1,1113
Csrp2,787
Cst3,1187
Cstb,1178
Cstf3,711
Ctage5,1013
Ctbp1,1141
Ctbp2,906
Ctcf,936
Ctdnep1,893
Ctdsp1,863
Ctdsp2,834
Ctnna1,1058
Ctnnb1,1147
Ctnnbip1,839
Ctnnbl1,727
Ctnnd1,917
Ctsa,843
Ctsb,1171
Ctsc,620
Ctsd,1172
Ctsh,794
Ctsl,817
Ctsz,770
Cttn,901
Cuedc2,764
Cul1,1040
Cul3,905
Cul4a,691
Cul5,733
Cuta,1145
Cux1,973
Cwc15,1140
Cxadr,712
Cxcl16,673
Cxxc1,739
Cyb5,1161
Cyb561,733
Cyb561d2,599
Cyb5b,995
Cyb5r3,961
Cyb5r4,894
Cyba,697
Cyc1,1173
Cycs,1196
Cyfip1,847
Cyp51,695
Cyth1,675
Cyth2,973
D10Jhu81e,870
D10Wsu52e,1093
D11Wsu99e,1152
D14Ertd449e,1127
D15Ertd621e,722
D16Ertd472e,652
D17Wsu104e,1050
D17Wsu92e,939
D19Bwg1357e,764
D19Ertd737e,821
D19Wsu162e,744
D230037D09Rik,763
D2Wsu81e,601
D4Ertd22e,977
D4Wsu53e,1152
D8Ertd738e,1196
D930014E17Rik,617
Daam1,736
Dad1,1192
Dalrd3,708
Dap,838
Dap3,1016
Dapk3,871
Dars,922
Daxx,609
Dazap1,1123
Dazap2,1162
Dbi,1191
Dbndd2,761
Dbnl,1084
Dcaf11,849
Dcaf12,905
Dcaf13,642
Dcaf7,826
Dcaf8,775
Dcn,645
Dcps,650
Dctn1,909
Dctn2,1125
Dctn3,1159
Dctn4,621
Dctn6,707
Dctpp1,916
Dcun1d1,972
Dcun1d5,1115
Dcxr,708
Dda1,1004
Ddb1,1126
Ddit3,660
Ddit4,736
Ddost,1111
Ddr1,701
Ddrgk1,1135
Ddt,967
Ddx1,961
Ddx10,642
Ddx17,1015
Ddx18,904
Ddx19a,638
Ddx21,1080
Ddx24,1113
Ddx27,827
Ddx39,935
Ddx39b,1107
Ddx3x,1175
Ddx41,814
Ddx42,847
Ddx46,1010
Ddx47,806
Ddx49,781
Ddx5,1196
Ddx50,855
Ddx54,984
Ddx56,699
Ddx6,1037
Deb1,897
Dedd2,718
Degs1,769
Dek,1109
Denr,1162
Dera,693
Derl1,1100
Derl2,828
Dexi,613
Dgat2,762
Dgcr2,817
Dgcr6,994
Dgka,714
Dguok,821
Dhcr24,733
Dhps,666
Dhrs1,760
Dhrs3,811
Dhrs4,795
Dhrs7,696
Dhrs7b,663
Dhrsx,868
Dhx15,1109
Dhx32,697
Dhx40,631
Dhx9,854
Diablo,920
Diap1,754
Dido1,645
Dip2b,792
Dkc1,695
Dlat,704
Dld,926
Dlgap4,820
Dlst,894
Dmkn,729
Dnaja1,1161
Dnaja2,1177
Dnaja3,725
Dnajb1,1125
Dnajb11,1040
Dnajb2,732
Dnajb4,845
Dnajb6,1179
Dnajb9,860
Dnajc1,842
Dnajc10,622
Dnajc13,603
Dnajc14,692
Dnajc15,1060
Dnajc19,1091
Dnajc2,984
Dnajc21,842
Dnajc3,1081
Dnajc30,662
Dnajc4,736
Dnajc5,870
Dnajc7,1038
Dnajc8,1146
Dnajc9,689
Dnlz,989
Dnm1l,850
Dnm2,1006
Dnmt1,600
Dnpep,846
Dnttip1,677
Dnttip2,904
Dock8,723
Dohh,1020
Dpcd,877
Dpf2,713
Dph3,1137
Dpm1,1013
Dpm2,863
Dpm3,1136
Dpp3,809
Dpp9,612
Dpy30,1143
Dr1,666
Dram2,682
Drap1,1167
Drg1,937
Drg2,648
Dsp,829
Dstn,1166
Dtd1,769
Dtnbp1,815
Dtymk,810
Dus1l,692
Dusp1,1098
Dusp11,1131
Dusp16,606
Dusp22,692
Dusp6,703
Dusp7,735
Dut,660
Dync1h1,953
Dync1i2,1085
Dync1li2,714
Dynll1,1191
Dynll2,1001
Dynlrb1,1189
Dynlt3,1084
Dyrk1a,653
E130309D02Rik,603
E2f4,875
Eaf1,610
Eapp,912
Ebna1bp2,1055
Ebp,977
Ebpl,629
Ecd,664
Ece1,771
Ech1,1134
Echs1,1075
Eci1,847
Eci2,829
Ecm1,638
Edem1,756
Edem2,775
Edf1,1195
Eea1,900
Eed,744
Eef1a1,1196
Eef1b2,1196
Eef1d,1194
Eef1e1,957
Eef1g,1195
Eef2,1196
Eef2k,657
Efha1,688
Efhd2,874
Efna1,712
Efna5,610
Efnb1,702
Efnb2,629
Efr3a,840
Eftud2,707
Egln2,905
Egln3,641
Egr1,978
Ehd1,900
Ehd4,905
Ehf,743
Ehmt1,641
Ehmt2,769
Ei24,1050
Eid1,741
Eif1,1196
Eif1a,1095
Eif1ad,1008
Eif1ax,1123
Eif1b,854
Eif2a,1047
Eif2b1,763
Eif2b2,801
Eif2b4,715
Eif2b5,806
Eif2d,707
Eif2s1,1116
Eif2s2,1194
Eif2s3x,1077
Eif3a,1189
Eif3b,1145
Eif3c,1175
Eif3d,1111
Eif3e,1189
Eif3f,1196
Eif3g,1175
Eif3h,1195
Eif3i,1186
Eif3k,1195
Eif3l,1162
Eif3m,1184
Eif4a1,1196
Eif4a2,1171
Eif4a3,1009
Eif4b,1177
Eif4e,1111
Eif4e2,1119
Eif4ebp1,1026
Eif4enif1,629
Eif4g1,1162
Eif4g2,1196
Eif4g3,865
Eif4h,1154
Eif5,1188
Eif5a,1196
Eif5b,1179
Eif6,1172
Elavl1,1102
Elf1,1117
Elf3,768
Ell2,673
Elof1,1124
Elovl1,1053
Elovl5,750
Elovl6,608
Emb,604
Emd,1079
Emg1,1123
Eml4,651
Emp1,853
Emp2,846
Endod1,642
Endog,656
Ensa,750
Entpd4,724
Entpd5,767
Eny2,1145
Ep400,814
Epb4.1,704
Epcam,795
Epha2,771
Epn1,1104
Eprs,1074
Eps15,739
Eps8l2,817
Erbb2ip,875
Ercc1,625
Erdr1,989
Erf,722
Ergic1,717
Ergic2,998
Ergic3,1176
Erh,1189
Eri3,744
Erlec1,717
Erlin1,617
Ermp1,718
Ero1l,770
Erp29,1164
Erp44,1086
Errfi1,770
Esd,1182
Esf1,884
Esrp1,725
Esrra,661
Esyt2,712
Etf1,1169
Etfa,1135
Etfb,1173
Etfdh,640
Ethe1,960
Etnk1,680
Ets2,870
Etv3,601
Evpl,642
Ewsr1,1176
Exoc3,777
Exoc5,847
Exosc1,765
Exosc3,811
Exosc4,795
Exosc5,899
Exosc6,862
Exosc7,804
Exosc8,605
Ext2,716
Ezh2,719
Ezr,1140
F11r,902
F3,765
Fabp5,1005
Faf1,944
Faf2,728
Faim,804
Fam100a,904
Fam102a,704
Fam103a1,1129
Fam105b,795
Fam107b,937
Fam108a,1016
Fam108b,711
Fam108c,822
Fam110a,762
Fam114a2,932
Fam120a,1022
Fam122a,785
Fam125a,1065
Fam129b,891
Fam132a,598
Fam133b,788
Fam134a,906
Fam134b,603
Fam134c,710
Fam136a,806
Fam162a,1126
Fam165b,1038
Fam168b,873
Fam172a,615
Fam173a,1082
Fam174a,947
Fam188a,722
Fam18b,841
Fam192a,789
Fam195b,1000
Fam20b,666
Fam25c,642
Fam32a,1061
Fam36a,1043
Fam38a,729
Fam3c,680
Fam46a,630
Fam49b,864
Fam50a,761
Fam53a,720
Fam54b,773
Fam60a,699
Fam63a,750
Fam63b,868
Fam76a,700
Fam82a2,638
Fam83h,668
Fam84a,659
Fam89b,849
Fam92a,708
Fam96a,957
Fam96b,1046
Fam98a,604
Fam98c,713
Far1,690
Fars2,720
Farsa,754
Farsb,777
Fasn,768
Fastk,667
Fau,1196
Fbl,1127
Fbrs,665
Fbxl3,687
Fbxl5,684
Fbxo11,662
Fbxo22,669
Fbxo28,605
Fbxo3,668
Fbxo6,710
Fbxo9,650
Fbxw11,735
Fbxw2,892
Fbxw5,680
Fcf1,888
Fdft1,731
Fdps,961
Fdx1,1103
Fech,783
Fem1b,607
Fgfr1op2,1113
Fh1,984
Fibp,811
Fip1l1,860
Fis1,1183
Fkbp1a,1113
Fkbp2,1151
Fkbp3,1069
Fkbp4,1160
Fkbp8,1176
Flii,846
Flna,875
Flnb,800
Flot1,653
Fmr1,735
Fnbp1l,610
Fnbp4,627
Fndc3a,621
Fnip1,724
Fnta,1032
Fos,1137
Fosb,1013
Fosl1,744
Fosl2,888
Foxn3,811
Foxo1,604
Foxp1,1049
Foxp4,651
Frat2,741
Frg1,917
Fryl,752
Fth1,1196
Ftl1,1194
Ftsj3,767
Fubp1,983
Fuca1,1048
Fuca2,819
Fundc1,684
Fundc2,1124
Furin,738
Fus,1141
Fxc1,1117
Fxn,598
Fxr1,669
Fxr2,741
Fxyd3,814
Fyttd1,948
Fzr1,704
G3bp1,1166
G3bp2,1008
G6pc3,650
G6pdx,901
Gaa,630
Gabarap,1196
Gabarapl1,919
Gabarapl2,1168
Gadd45a,795
Gadd45b,823
Gadd45g,831
Gadd45gip1,1105
Gak,742
Gale,636
Galnt1,866
Galnt2,700
Ganab,838
Gapdh,1196
Gapvd1,763
Gar1,1057
Gars,969
Gas2l1,717
Gas5,1191
Gas6,838
Gatad1,939
Gatad2a,977
Gba,625
Gbas,643
Gbf1,688
Gclc,861
Gclm,807
Gcn1l1,635
Gcsh,779
Gde1,1021
Gdi1,735
Gdi2,1185
Gdpd1,628
Gemin7,1010
Get4,960
Gfer,736
Gga1,908
Ggh,870
Ggnbp2,1052
Ghitm,1172
Gipc1,1076
Gja1,628
Glo1,1079
Glod4,1066
Glrx,769
Glrx2,1031
Glrx3,1142
Glrx5,1148
Gls,776
Glt25d1,809
Gltp,1092
Gltscr2,1192
Glud1,1082
Glul,809
Glyr1,921
Gm15421,1150
Gm16517,879
Gm1821,1140
Gm2a,696
Gm561,815
Gm5617,679
Gm6222,1034
Gm6251,753
Gm6402,889
Gm6654,834
Gm9320,1057
Gm9781,681
Gmfb,905
Gmps,714
Gna11,795
Gna13,815
Gna15,696
Gnai2,1182
Gnai3,1080
Gnaq,700
Gnas,1196
Gnb1,1178
Gnb2,1194
Gnb2l1,1196
Gng10,981
Gng12,1127
Gng5,1196
Gnl1,740
Gnl2,735
Gnl3,993
Gnl3l,669
Gnpat,676
Gns,604
Golga2,611
Golga4,1057
Golga7,1051
Golgb1,965
Golim4,748
Golph3,962
Golt1b,714
Gorasp2,1030
Gosr2,688
Got1,735
Got2,1104
Gpaa1,816
Gpatch4,679
Gpatch8,715
Gpbp1,1018
Gpbp1l1,803
Gpd2,792
Gpi1,1185
Gpr108,780
Gpr56,721
Gps1,1005
Gps2,818
Gpx1,1194
Gpx2,651
Gpx4,1171
Grb2,1039
Grcc10,1190
Grhl1,642
Grhpr,631
Grina,834
Grn,847
Grpel1,1149
Grpel2,731
Grsf1,793
Gse1,675
Gsk3a,895
Gsk3b,1076
Gsn,996
Gspt1,1150
Gsr,880
Gss,635
Gsta4,810
Gstm1,994
Gstm2,602
Gsto1,1125
Gstp1,1123
Gt(ROSA)26Sor,758
Gtf2a2,1111
Gtf2b,741
Gtf2e2,804
Gtf2f1,859
Gtf2f2,880
Gtf2h1,796
Gtf2h5,1148
Gtf2i,1023
Gtf2ird1,606
Gtf3a,827
Gtf3c2,756
Gtf3c6,912
Gtl3,909
Gtpbp4,1054
Guk1,1104
H13,1088
H1f0,833
H2-D1,1194
H2-K1,1169
H2-Ke2,1093
H2-Ke6,887
H2-T23,749
H2afj,1184
H2afv,1135
H2afx,786
H2afy,1185
H2afz,1194
H3f3a,1196
H3f3b,1196
H47,1078
Hadh,1064
Hadha,1079
Hadhb,1093
Hagh,972
Hars,861
Hat1,700
Hax1,995
Hbegf,848
Hbp1,766
Hbs1l,826
Hbxip,1154
Hcfc1,681
Hcfc1r1,1121
Hdac1,1047
Hdac2,990
Hdac3,828
Hdac5,713
Hddc2,601
Hdgf,1183
Hdgfrp2,686
Hdhd2,715
Hdlbp,1143
Hebp2,660
Hectd1,1074
Herc1,676
Herc2,661
Herc4,647
Herpud1,1040
Herpud2,702
Hes1,858
Hes6,624
Hexa,685
Hexb,758
Hexim1,722
Hgs,787
Hiat1,797
Hiatl1,697
Hibadh,984
Hif1a,968
Higd1a,1160
Higd2a,1186
Hint1,1194
Hint2,1073
Hint3,723
Hip1r,645
Hipk1,858
Hipk3,764
Hist1h1c,879
Hist1h2bc,989
Hist2h2aa1,924
Hist3h2a,653
Hivep1,652
Hk1,957
Hk2,908
Hmbs,834
Hmg20b,1048
Hmgb1,1191
Hmgb2,1147
Hmgb3,791
Hmgcl,680
Hmgcr,733
Hmgcs1,884
Hmgn1,1165
Hmgn2,972
Hmgn3,935
Hmgn5,900
Hmox1,670
Hmox2,806
Hn1,1128
Hnrnpa0,1020
Hnrnpa2b1,1193
Hnrnpa3,1191
Hnrnpab,1191
Hnrnpc,1186
Hnrnpd,1061
Hnrnpf,1195
Hnrnph1,1137
Hnrnph2,971
Hnrnph3,788
Hnrnpk,1194
Hnrnpl,1025
Hnrnpm,1140
Hnrnpr,995
Hnrnpu,1188
Hnrnpul2,1105
Hnrpdl,1160
Hnrpll,712
Homer2,607
Hook3,722
Hp1bp3,1072
Hpcal1,826
Hprt,1141
Hras1,1106
Hrsp12,662
Hsbp1,1189
Hscb,697
Hsd17b10,1116
Hsd17b12,1027
Hsd17b4,803
Hsdl2,982
Hsf1,606
Hsp90aa1,1194
Hsp90ab1,1196
Hsp90b1,1172
Hspa14,653
Hspa1a,829
Hspa1b,639
Hspa4,1138
Hspa5,1191
Hspa8,1196
Hspa9,1173
Hspb1,903
Hspb11,783
Hspb8,697
Hspbp1,747
Hspd1,1163
Hspe1,1193
Hsph1,781
Htatip2,864
Htatsf1,736
Huwe1,1075
Iah1,714
Iars2,659
Ibtk,610
Ict1,1056
Id1,868
Id2,878
Id3,845
Ide,842
Idh1,762
Idh2,864
Idh3a,945
Idh3b,1049
Idh3g,1059
Idi1,781
Ier2,1156
Ier3,1007
Ier3ip1,1178
Ier5,1050
Iffo2,633
Ifi27l1,895
Ifi30,639
Ifi35,664
Ifitm2,1090
Ifitm3,934
Ifnar2,626
Ifngr1,652
Ifngr2,680
Ifrd1,1064
Ifrd2,672
Ift20,1042
Ift27,630
Ift52,670
Igbp1,1085
Igf1r,704
Igfbp2,667
Igfbp7,655
Igsf3,599
Ik,1051
Il10rb,621
Il17rc,741
Ilf2,904
Ilf3,695
Ilk,856
Ilkap,919
Immp1l,1062
Immt,1047
Imp3,1140
Imp4,843
Impa1,710
Impdh2,1141
Ing1,761
Ing2,830
Ing4,649
Ino80b,718
Ino80d,662
Ino80e,599
Insig1,646
Insig2,654
Ip6k1,725
Ipo5,1016
Iqgap1,1135
Irak1,853
Irf1,598
Irf2,688
Irf2bp2,937
Irf3,766
Irf6,811
Isca1,919
Isca2,747
Iscu,1146
Isg20,647
Isy1,711
Isyna1,676
Itch,604
Itfg1,910
Itgav,687
Itgb1,889
Itgb1bp1,621
Itgb5,703
Itm2b,1196
Itm2c,904
Itpa,798
Itpkc,699
Itpr3,676
Itsn2,700
Ivns1abp,1060
Iws1,669
Jag1,657
Jagn1,883
Jak1,1079
Jarid2,613
Jhdm1d,671
Jkamp,700
Jmjd1c,711
Jmjd6,705
Josd2,936
Jtb,1115
Jun,1139
Junb,1155
Jund,1191
Jup,910
Kars,947
Kat5,637
Katna1,897
Kcmf1,939
Kcnq1ot1,988
Kctd1,763
Kctd10,778
Kctd5,722
Kdelr1,1146
Kdelr2,1114
Kdm1a,847
Kdm2a,755
Kdm2b,634
Kdm5a,862
Kdm5b,879
Kdm5c,720
Kdm6b,926
Kdsr,702
Keap1,828
Khdrbs1,1121
Kidins220,633
Kif1b,876
Kif1c,814
Kif21a,651
Kif2a,609
Kif5b,1189
Klc1,809
Klc3,623
Klf10,867
Klf13,1067
Klf16,677
Klf2,765
Klf3,903
Klf4,999
Klf5,808
Klf6,1104
Klf9,891
Klhdc2,702
Klhdc3,630
Klhl21,713
Klhl9,638
Kpna2,821
Kpna3,715
Kpna4,948
Kpnb1,1020
Kras,998
Krcc1,1109
Krr1,613
Krt10,712
Krt15,726
Krt4,654
Krt5,699
Krtcap2,1191
Kti12,768
Ktn1,887
Lactb,741
Lad1,802
Lage3,1032
Lamp1,1195
Lamp2,1128
Lamtor2,1186
Lamtor3,1052
Lancl1,765
Lap3,852
Laptm4a,1176
Laptm4b,711
Larp1,984
Larp1b,663
Larp4,815
Larp4b,828
Larp7,794
Lars,767
Las1l,824
Lasp1,741
Lass2,727
Lass5,632
Lbr,767
Lcmt1,638
Ldb1,793
Ldha,1193
Ldhb,671
Ldlr,791
Ldlrap1,631
Lemd2,613
Leprot,826
Leprotl1,957
Letm1,940
Lgals3,1013
Lima1,666
Limd1,822
Limk2,769
Lims1,877
Lin7c,892
Litaf,935
Llph,1177
Lman1,947
Lman2,1154
Lmbrd1,604
Lmna,961
Lmnb1,600
Lmo1,710
Lmo4,977
Lmo7,733
Lonp1,823
Lpcat3,827
Lpgat1,861
Lpp,769
Lrp10,1012
Lrpap1,879
Lrrc41,623
Lrrc47,738
Lrrc58,1070
Lrrc59,1084
Lrrc8a,694
Lrrfip1,1065
Lrrfip2,997
Lsg1,655
Lsm1,911
Lsm10,627
Lsm12,1010
Lsm14a,1033
Lsm2,978
Lsm3,937
Lsm4,1184
Lsm5,1058
Lsm6,1160
Lsm7,1061
Lsmd1,1161
Lsr,803
Lta4h,831
Ltbr,789
Ltv1,858
Luc7l,880
Luc7l2,1153
Luc7l3,1018
Luzp1,846
Ly6a,726
Ly6d,894
Ly6e,1031
Lyar,1012
Lypd3,743
Lypla1,940
Lypla2,906
Lyrm2,802
Lzts2,668
M6pr,1128
Macf1,964
Macrod1,623
Maea,1009
Maf1,867
Mafb,632
Maff,807
Mafg,982
Mafk,834
Magoh,1068
Magohb,663
Magt1,979
Mak16,792
Mal2,660
Malat1,1194
Man1a2,967
Man2a1,598
Manbal,860
Manf,1154
Map1lc3a,1016
Map1lc3b,1196
Map2k1,852
Map2k2,1173
Map2k3,1079
Map2k4,766
Map2k7,600
Map3k1,671
Map3k11,617
Map4k4,797
Mapk1,1124
Mapk13,730
Mapk14,823
Mapk1ip1l,834
Mapk3,1034
Mapk6,747
Mapkap1,859
Mapkapk2,979
Mapkapk3,927
Mapre1,1168
Mapre2,646
March2,902
March5,1081
March6,662
March7,643
Marcks,851
Marcksl1,895
Mark2,1076
Mark3,780
Mars,615
Mast4,733
Mat2a,1125
Mat2b,953
Matr3,1001
Max,1054
Maz,614
Mbd2,879
Mbd3,1112
Mbnl1,1085
Mbnl2,1085
Mbnl3,688
Mbp,681
Mbtd1,778
Mbtps1,658
Mcart1,931
Mcee,978
Mcfd2,766
Mcl1,1142
Mcmbp,804
Mcrs1,859
Mcts1,979
Mdfi,685
Mdh1,1164
Mdh2,1191
Mdm2,860
Mdp1,902
Me1,742
Mea1,1090
Meaf6,650
Mecr,614
Med1,798
Med10,970
Med13,729
Med13l,754
Med19,751
Med21,949
Med25,822
Med28,1149
Med29,874
Med30,950
Med31,715
Med4,624
Med7,629
Med8,877
Med9,834
Memo1,832
Mesdc1,614
Mesdc2,654
Metap1,724
Metap2,1191
Metrnl,637
Mettl10,599
Mettl11a,649
Mettl16,606
Mettl5,609
Mettl7a1,687
Mettl9,1053
Mfap1a,753
Mff,1068
Mfge8,682
Mfsd1,755
Mfsd10,688
Mfsd5,743
Mfsd6,739
Mga,668
Mgat1,766
Mgat2,879
Mgat4b,611
Mgea5,948
Mgst1,886
Mgst2,723
Mgst3,1033
Mia3,855
Micall1,610
Micu1,712
Mid1ip1,983
Midn,942
Mier1,869
Mif,1189
Mif4gd,967
Mink1,758
Minos1,1196
Minpp1,694
Mir703,1151
Mki67ip,891
Mkks,913
Mkln1,635
Mknk2,999
Mkrn1,1015
Mlec,1015
Mlf2,1166
Mll1,785
Mll3,859
Mll5,1042
Mllt10,921
Mllt4,758
Mlx,784
Mmadhc,973
Mnat1,800
Mob2,905
Mob4,1069
Mocs2,999
Morf4l1,1056
Morf4l2,1180
Mosc2,1060
Mospd3,842
Mpdu1,896
Mphosph10,716
Mphosph6,687
Mphosph8,695
Mpnd,839
Mpp1,702
Mpp5,600
Mpp6,697
Mprip,1001
Mpst,1026
Mpv17,602
Mpv17l2,729
Mpzl2,775
Mreg,598
Mrfap1,1195
Mri1,709
Mrp63,1164
Mrpl10,765
Mrpl11,955
Mrpl12,1146
Mrpl13,980
Mrpl14,1172
Mrpl15,984
Mrpl16,764
Mrpl17,1151
Mrpl18,1067
Mrpl19,846
Mrpl2,937
Mrpl20,1159
Mrpl21,1008
Mrpl22,722
Mrpl23,1186
Mrpl24,1136
Mrpl27,1026
Mrpl28,1108
Mrpl3,711
Mrpl30,1177
Mrpl32,1063
Mrpl33,1187
Mrpl34,1005
Mrpl35,990
Mrpl36,1091
Mrpl37,836
Mrpl38,897
Mrpl39,686
Mrpl4,1025
Mrpl40,943
Mrpl41,1002
Mrpl42,1136
Mrpl43,1114
Mrpl44,750
Mrpl45,841
Mrpl46,752
Mrpl48,1056
Mrpl49,746
Mrpl50,778
Mrpl51,1111
Mrpl52,1188
Mrpl53,1108
Mrpl54,1179
Mrpl55,995
Mrpl9,958
Mrps10,916
Mrps11,703
Mrps12,1120
Mrps14,1167
Mrps15,1033
Mrps16,1107
Mrps17,1054
Mrps18a,1063
Mrps18b,936
Mrps18c,1055
Mrps21,1179
Mrps23,1016
Mrps24,1179
Mrps25,961
Mrps26,1064
Mrps28,1047
Mrps30,729
Mrps33,1174
Mrps34,1039
Mrps35,782
Mrps36,1061
Mrps5,769
Mrps6,871
Mrps7,1074
Mrps9,765
Mrto4,939
Msi2,747
Msl1,796
Msl3,682
Mt1,1119
Mt2,904
Mta1,633
Mta2,932
Mta3,754
Mtap4,640
Mtap7,720
Mtap7d1,893
Mtch1,1144
Mtch2,1118
Mtdh,1182
Mtf2,694
Mtfr1,821
Mthfd2,686
Mtmr3,666
Mtmr6,650
Mtpn,1126
Mtus1,674
Mtx1,769
Mtx2,969
Mvk,614
Mvp,684
Mxi1,737
Mybbp1a,850
Myc,829
Mycbp,903
Mycbp2,1090
Myd88,745
Myeov2,1196
Myg1,650
Myh14,636
Myh9,984
Myl12a,1194
Myl12b,1166
Myl6,1196
Myo10,635
Myo18a,783
Myo1c,810
Myo1e,682
Myo6,616
Myst2,660
Myst3,673
Mzt1,731
Mzt2,611
N4bp1,632
N4bp2l2,979
N6amt2,707
Naa10,1041
Naa15,988
Naa20,1029
Naa35,762
Naa38,1115
Naa50,1140
Nab1,955
Naca,1196
Nacc1,748
Nadk,1055
Nae1,752
Nagk,705
Nampt,870
Nans,836
Nap1l1,1113
Nap1l4,1044
Napa,1115
Nars,1140
Nasp,826
Nbr1,677
Ncaph2,1038
Ncbp1,704
Ncbp2,948
Nck1,633
Ncl,1196
Ncln,779
Ncoa4,804
Ncor1,1148
Ncor2,685
Ncstn,733
Ndel1,935
Ndfip1,809
Ndfip2,958
Ndnl2,805
Ndrg1,924
Ndrg2,715
Ndufa1,1189
Ndufa10,1092
Ndufa11,1186
Ndufa12,1180
Ndufa13,1196
Ndufa2,1196
Ndufa3,1190
Ndufa4,1194
Ndufa5,1162
Ndufa6,1196
Ndufa7,1196
Ndufa8,1166
Ndufa9,1029
Ndufab1,1177
Ndufaf2,850
Ndufaf3,801
Ndufaf4,712
Ndufb10,1186
Ndufb11,1196
Ndufb2,1180
Ndufb3,1187
Ndufb4,1191
Ndufb5,1196
Ndufb6,1152
Ndufb7,1186
Ndufb8,1185
Ndufb9,1196
Ndufc1,1193
Ndufc2,1187
Ndufs1,773
Ndufs2,1166
Ndufs3,1153
Ndufs4,1133
Ndufs6,1187
Ndufs7,1166
Ndufs8,1150
Ndufv1,1112
Ndufv2,1150
Ndufv3,1177
Neat1,1085
Necap2,943
Nedd4,1078
Nedd8,1194
Nemf,914
Nenf,1114
Net1,901
Nfat5,661
Nfe2l1,999
Nfe2l2,1075
Nfib,696
Nfic,619
Nfix,606
Nfkb1,769
Nfkbia,1113
Nfkbib,875
Nfkbiz,872
Nfs1,761
Nfu1,844
Nfyb,626
Nfyc,725
Ngdn,904
Ngfrap1,871
Ngly1,629
Nhp2,1158
Nhp2l1,1189
Ninj1,843
Nip7,902
Nipa2,772
Nipal1,656
Nipbl,1048
Nipsnap3b,772
Nisch,805
Nit1,606
Nit2,716
Nkap,640
Nkiras2,725
Nktr,879
Nmd3,740
Nme1,1178
Nme2,1196
Nme3,836
Nmt1,656
Nob1,806
Noc2l,785
Nol12,748
Nol7,1156
Nolc1,900
Nomo1,681
Nono,1155
Nop10,1192
Nop14,771
Nop16,750
Nop56,1012
Nop58,1073
Nosip,637
Notch1,811
Notch2,606
Npc2,1185
Npdc1,643
Npepps,1031
Nploc4,642
Npm1,1196
Npm3,1095
Npm3-ps1,715
Nptn,1007
Nqo1,605
Nr1d1,722
Nr1h2,897
Nr2c2ap,798
Nr2f6,791
Nr3c1,608
Nr4a1,822
Nrarp,709
Nras,1094
Nrbf2,732
Nrbp1,882
Nrd1,1042
Nrip1,691
Nrp,625
Nsa2,1181
Nsd1,847
Nsfl1c,940
Nsmce1,744
Nsmce2,701
Nsmce4a,942
Nsun2,1049
Nt5c,1063
Nt5c3,835
Nt5c3l,620
Ntan1,974
Nub1,743
Nubp1,894
Nubp2,689
Nucb1,1066
Nucb2,643
Nucks1,1134
Nudc,1162
Nudcd2,814
Nudcd3,953
Nudt14,883
Nudt16l1,700
Nudt18,668
Nudt19,722
Nudt2,695
Nudt21,1060
Nudt3,753
Nudt4,1059
Nudt5,791
Nudt8,622
Nudt9,853
Nufip2,911
Numa1,832
Nup153,737
Nup50,878
Nup62,772
Nus1,925
Nxf1,731
Nxn,820
Nxt1,897
ORF61,776
Oat,863
Oaz1,1188
Oaz2,874
Obfc2b,991
Ociad1,1128
Ociad2,768
Odc1,1056
Odf2,661
Ogdh,1104
Ogfr,703
Ogt,634
Ola1,1052
Orai1,732
Orc6,604
Ormdl2,1083
Ormdl3,697
Os9,992
Osbpl2,690
Osbpl9,852
Osgep,871
Ost4,1194
Ostc,1100
Ostf1,1155
Otub1,969
Otud4,615
Otud6b,650
Ovol1,681
Oxa1l,852
Oxct1,969
Oxr1,713
Oxsr1,816
P4hb,1188
Pa2g4,1147
Pabpc1,1195
Pabpc4,818
Pabpn1,1183
Pacsin2,709
Pacsin3,664
Paf1,676
Pafah1b1,1170
Pafah1b2,958
Pafah1b3,892
Paics,912
Paip1,614
Paip2,1182
Pak1,770
Pak1ip1,983
Pak2,1061
Pak4,733
Pam16,1086
Pank2,677
Pank3,613
Papola,1129
Papss1,842
Paqr5,714
Pard3,736
Pard6g,717
Park7,1191
Parl,1006
Parp1,617
Pbrm1,1111
Pbx1,814
Pbxip1,671
Pcbd2,1047
Pcbp1,1191
Pcbp2,1196
Pcdh1,641
Pcf11,824
Pcgf5,636
Pcif1,807
Pcm1,945
Pcmt1,899
Pcmtd1,847
Pcna,1014
Pcnp,1129
Pcyox1,775
Pcyt1a,660
Pcyt2,674
Pdap1,1173
Pdcd10,1103
Pdcd11,695
Pdcd2,734
Pdcd4,1079
Pdcd5,1178
Pdcd6,1160
Pdcd6ip,1117
Pdcl3,1085
Pddc1,697
Pde12,672
Pde6d,656
Pdf,727
Pdha1,1111
Pdhb,972
Pdia3,1168
Pdia4,972
Pdia6,1129
Pdk1,643
Pdk3,764
Pdlim1,1029
Pdlim2,687
Pdlim5,859
Pdpk1,832
Pdrg1,1005
Pdxdc1,766
Pdzd11,921
Pdzd8,598
Pdzk1ip1,689
Pea15a,740
Pebp1,1196
Pef1,820
Peli1,855
Perp,866
Pes1,870
Pex13,700
Pex14,679
Pex16,714
Pex19,770
Pex7,852
Pfdn1,1173
Pfdn2,1184
Pfdn4,927
Pfdn5,1196
Pfkl,876
Pfkp,697
Pfn1,1196
Pgam1,1161
Pgd,1055
Pgk1,1161
Pgls,1183
Pgp,821
Pgrmc1,1121
Pgrmc2,765
Pgs1,839
Phax,833
Phb,1142
Phb2,1187
Phc2,669
Phf10,691
Phf14,787
Phf20l1,931
Phf23,823
Phf3,807
Phf5a,1087
Phgdh,748
Phip,799
Phlda1,898
Phlda3,749
Phpt1,1100
Phyh,706
Pi4k2a,677
Picalm,827
Pigf,698
Pigk,640
Pigp,1049
Pigq,622
Pigt,1035
Pigx,881
Pigy,808
Pigyl,1006
Pih1d1,865
Pik3ca,617
Pik3r1,680
Pim1,864
Pim3,970
Pin1,1077
Pin4,1077
Pink1,823
Pip4k2c,678
Pip5k1a,677
Pir,659
Pisd,669
Pisd-ps3,633
Pitpna,1122
Pitpnb,906
Pja1,818
Pja2,679
Pkig,871
Pkm2,1165
Pkn2,1032
Pkp3,792
Pkp4,649
Pla2g12a,766
Pla2g16,744
Plaa,833
Plac9,618
Plaur,625
Plbd2,651
Pld3,721
Plec,957
Plekha1,612
Plekhb2,690
Plekhf2,881
Plekhj1,1101
Plin2,854
Plin3,780
Plk2,674
Plk3,737
Plp2,997
Pls3,725
Plscr3,903
Plxnb2,840
Pmepa1,817
Pmf1,617
Pmm1,969
Pmm2,645
Pmpca,832
Pmpcb,895
Pmvk,829
Pnkd,1013
Pnkp,602
Pnn,990
Pno1,878
Pnp,908
Pnpla2,850
Pnpla8,877
Pnrc1,1155
Pnrc2,870
Pofut2,769
Polb,945
Pold2,621
Pold4,972
Poldip2,920
Poldip3,855
Pole3,787
Pole4,1045
Polr1c,1016
Polr1d,1191
Polr2c,1062
Polr2d,799
Polr2e,1109
Polr2f,1178
Polr2g,1011
Polr2h,929
Polr2i,1092
Polr2j,1127
Polr2k,1143
Polr2l,1194
Polr2m,1132
Polr3d,610
Polr3h,610
Polr3k,955
Pom121,658
Pomp,1191
Pon2,1057
Pop4,698
Pop5,1034
Pop7,838
Por,935
Ppa1,1079
Ppa2,900
Ppan,677
Ppap2b,646
Ppap2c,887
Ppard,641
Ppdpf,1153
Ppfia1,758
Ppfibp1,714
Ppfibp2,745
Ppia,1196
Ppib,1196
Ppid,908
Ppie,758
Ppif,708
Ppig,1143
Ppih,704
Ppil1,794
Ppil2,739
Ppil3,719
Ppil4,733
Ppl,708
Ppm1a,869
Ppm1b,815
Ppm1g,1007
Ppme1,702
Ppp1ca,1195
Ppp1cb,1178
Ppp1cc,1108
Ppp1r10,859
Ppp1r11,1101
Ppp1r12a,918
Ppp1r14b,1133
Ppp1r15a,1052
Ppp1r15b,870
Ppp1r2,1152
Ppp1r35,636
Ppp1r37,626
Ppp1r7,740
Ppp2ca,1164
Ppp2cb,809
Ppp2r1a,1120
Ppp2r2a,1075
Ppp2r2d,802
Ppp2r4,1032
Ppp2r5a,1000
Ppp2r5c,1012
Ppp2r5e,739
Ppp3ca,979
Ppp3r1,893
Ppp4c,1135
Ppp4r1,607
Ppp4r2,970
Ppp5c,824
Ppp6c,777
Ppp6r3,812
Pppde1,892
Pppde2,889
Ppt1,702
Pqbp1,868
Pqlc1,869
Prdm2,763
Prdx1,1196
Prdx2,1192
Prdx3,919
Prdx5,1186
Prdx6,1182
Preb,731
Prelid1,1185
Prkab1,660
Prkaca,836
Prkag1,861
Prkar1a,1177
Prkcd,864
Prkci,737
Prkcsh,988
Prkra,603
Prkrip1,757
Prkrir,788
Prkx,643
Prmt1,1048
Prnp,664
Prom2,706
Prorsd1,731
Prosc,790
Prpf19,1020
Prpf31,654
Prpf38a,821
Prpf38b,1086
Prpf40a,1049
Prpf4b,1001
Prpf6,724
Prpf8,820
Prpsap1,911
Prr13,1134
Prr14,598
Prrc1,660
Prrc2a,1006
Prrc2b,912
Prrc2c,1131
Prrg2,613
Psap,1183
Psat1,812
Psen1,834
Psenen,1183
Psip1,694
Psma1,1137
Psma2,1186
Psma3,1190
Psma4,1168
Psma5,1149
Psma6,1147
Psma7,1192
Psmb1,1195
Psmb10,688
Psmb2,1165
Psmb3,1176
Psmb4,1189
Psmb5,1170
Psmb6,1183
Psmb7,1146
Psmc1,1078
Psmc2,1043
Psmc3,1153
Psmc4,1063
Psmc5,1121
Psmc6,1100
Psmd1,1112
Psmd10,789
Psmd11,1070
Psmd12,1064
Psmd13,1048
Psmd14,1014
Psmd2,1106
Psmd3,1089
Psmd4,1166
Psmd5,629
Psmd6,1057
Psmd7,1173
Psmd8,1177
Psmd9,813
Psme1,988
Psme2,1153
Psme3,1030
Psme4,794
Psmf1,626
Psmg1,703
Psmg2,715
Psmg3,717
Psmg4,1000
Psph,688
Ptbp1,1142
Ptdss1,776
Pten,949
Ptges3,1188
Ptgfrn,670
Ptgr1,859
Ptgr2,598
Ptma,1196
Ptms,1009
Ptov1,1038
Ptp4a2,1149
Ptp4a3,729
Ptplad1,669
Ptplb,1017
Ptpmt1,1000
Ptpn1,1046
Ptpn11,860
Ptpn13,680
Ptpn2,813
Ptpra,868
Ptprf,872
Ptrf,709
Ptrh2,688
Pts,866
Pttg1,898
Pttg1ip,879
Puf60,1057
Pum1,988
Pum2,1094
Pura,743
Purb,1107
Pus1,763
Pusl1,634
Pvrl1,747
Pvrl2,783
Pvrl4,722
Pxmp3,691
Pxn,700
Pycard,1055
Pycr2,819
Pycrl,652
Qars,1057
Qdpr,799
Qk,923
Qrich1,761
Qsox1,622
R3hdm1,653
R3hdm2,790
Rab1,1176
Rab10,1181
Rab11a,1144
Rab11b,1126
Rab11fip1,742
Rab14,1186
Rab18,1125
Rab1b,995
Rab21,601
Rab22a,823
Rab24,1034
Rab25,825
Rab27b,718
Rab28,839
Rab2a,1188
Rab35,781
Rab3d,843
Rab3ip,629
Rab4b,858
Rab5a,1097
Rab5b,675
Rab5c,1132
Rab6a,1113
Rab8a,974
Rab8b,615
Rab9,981
Rabac1,1184
Rabgap1l,762
Rabgef1,715
Rabggtb,1005
Rabl5,602
Rac1,1196
Rad21,914
Rad23a,1073
Rad23b,1167
Rad50,722
Rae1,809
Raf1,853
Rai12,900
Rala,1081
Ralb,872
Ralbp1,1182
Ralgapa1,620
Ralgds,692
Raly,1174
Ran,1195
Ranbp1,1167
Ranbp2,726
Ranbp3,623
Ranbp9,606
Rangap1,1044
Rangrf,785
Rap1a,1028
Rap1b,1148
Rap2b,838
Rap2c,598
Rapgef6,757
Rarg,798
Rars,804
Rasa1,715
Rassf1,801
Rassf3,629
Rassf7,618
Rb1cc1,738
Rbbp4,991
Rbbp6,1121
Rbbp7,1119
Rbbp8,601
Rbck1,951
Rbfa,825
Rbm17,1054
Rbm18,616
Rbm22,793
Rbm25,1147
Rbm26,834
Rbm27,920
Rbm28,747
Rbm3,1185
Rbm34,741
Rbm39,1192
Rbm4,620
Rbm42,1044
Rbm47,625
Rbm5,749
Rbm6,673
Rbm7,1034
Rbm8a,1155
Rbms1,1033
Rbms2,784
Rbmx,607
Rbmxl1,928
Rbpj,625
Rbx1,1193
Rc3h1,756
Rcan1,760
Rcc2,1034
Rce1,824
Rchy1,738
Rcl1,640
Rcn1,798
Rcn2,903
Rdbp,888
Rdx,1022
Reep3,887
Reep4,940
Reep5,1182
Rela,973
Rell1,799
Rer1,1184
Rere,712
Rexo1,714
Rexo2,1131
Rfc1,787
Rfc2,726
Rfk,901
Rfwd2,805
Rfxap,611
Rgl2,704
Rheb,1186
Rhoa,1196
Rhob,1040
Rhog,778
Rhov,676
Ric8,710
Rif1,632
Ring1,793
Riok1,611
Riok3,973
Ripk1,602
Ripk4,717
Rit1,743
Rlim,675
Rmnd5a,712
Rmnd5b,610
Rn45s,1196
Rnase4,666
Rnaseh2a,707
Rnaseh2b,712
Rnaseh2c,1009
Rnasek,1189
Rnaset2b,840
Rnd3,713
Rnf10,1042
Rnf11,748
Rnf114,777
Rnf115,858
Rnf126,953
Rnf13,821
Rnf130,771
Rnf138,665
Rnf14,625
Rnf146,699
Rnf149,866
Rnf166,670
Rnf167,794
Rnf181,833
Rnf187,1093
Rnf19b,787
Rnf20,730
Rnf220,665
Rnf4,999
Rnf44,700
Rnf5,962
Rnf6,763
Rnf7,1171
Rnft1,706
Rnh1,1153
Rnpep,962
Rnpepl1,833
Rnps1,1088
Rock1,1064
Rock2,890
Rod1,1163
Romo1,1189
Rp9,1127
Rpa1,609
Rpa3,716
Rpe,730
Rpf1,803
Rpf2,677
Rpia,748
Rpl10,1196
Rpl10a,1196
Rpl11,1196
Rpl12,1196
Rpl13,1196
Rpl13a,1196
Rpl14,1196
Rpl15,1196
Rpl17,1196
Rpl18,1196
Rpl18a,1196
Rpl19,1196
Rpl21,1196
Rpl22,1196
Rpl22l1,1195
Rpl23,1196
Rpl23a,1196
Rpl24,1196
Rpl27,1196
Rpl27a,1196
Rpl28,1196
Rpl29,1196
Rpl3,1196
Rpl31,1196
Rpl31-ps12,1184
Rpl32,1196
Rpl34,830
Rpl34-ps1,915
Rpl35,1196
Rpl35a,1196
Rpl36,1196
Rpl36a,1196
Rpl36al,1196
Rpl37,1196
Rpl37a,1196
Rpl38,1196
Rpl39,1196
Rpl4,1196
Rpl41,1196
Rpl5,1196
Rpl6,1196
Rpl7,1196
Rpl7a,1196
Rpl7l1,1022
Rpl8,1196
Rpl9,1196
Rplp0,1196
Rplp1,1196
Rplp2,1196
Rpn1,1113
Rpn2,1172
Rpp14,627
Rpp21,1073
Rps10,1196
Rps11,1196
Rps12,1196
Rps13,1196
Rps14,1196
Rps15,1196
Rps15a,1196
Rps15a-ps4,1192
Rps15a-ps6,1174
Rps16,1196
Rps17,1196
Rps18,1196
Rps19,1196
Rps19bp1,1004
Rps2,1196
Rps20,1196
Rps21,1196
Rps23,1196
Rps24,1196
Rps25,1196
Rps26,1196
Rps27,1196
Rps27a,1196
Rps27l,1195
Rps28,1196
Rps29,1196
Rps3,1196
Rps3a,1196
Rps4x,1196
Rps5,1196
Rps6,1196
Rps6ka4,634
Rps6kb1,917
Rps7,1196
Rps8,1196
Rps9,1196
Rpsa,1196
Rraga,987
Rragc,864
Rrbp1,1122
Rrp1,1166
Rrp15,763
Rrp7a,942
Rrp8,600
Rrp9,627
Rrs1,873
Rsbn1,765
Rsbn1l,913
Rsf1,718
Rsl1d1,1072
Rsl24d1,968
Rsrc1,780
Rsrc2,1140
Rsu1,638
Rtf1,1106
Rtn3,1155
Rtn4,1163
Runx1,652
Rusc1,603
Ruvbl1,653
Ruvbl2,709
Rwdd1,1141
Rwdd4a,755
Rxra,613
Rxrb,673
Rybp,677
Ryk,757
S100a1,913
S100a10,1113
S100a11,1172
S100a13,847
S100a14,790
S100a16,907
S100a6,1069
Sac3d1,623
Sacm1l,644
Sae1,992
Safb,760
Safb2,715
Samd4b,805
Samm50,1008
Sap18,604
Sap30,731
Sar1a,1133
Sar1b,1112
Sarnp,1139
Sars,1094
Sart1,867
Sat1,1136
Sbds,1103
Sbno1,1035
Sbno2,662
Sbsn,634
Sc4mol,827
Sc5d,714
Scaf1,649
Scaf11,1093
Scamp1,761
Scamp2,927
Scamp3,902
Scamp4,827
Scand1,1174
Scap,753
Scarb2,606
Scd2,851
Scfd1,602
Scnm1,628
Scoc,668
Scp2,1187
Scrib,681
Scyl1,653
Sdc1,864
Sdc4,936
Sdcbp,1121
Sdccag3,810
Sdf2,1084
Sdf2l1,788
Sdf4,1148
Sdha,1100
Sdhaf1,688
Sdhaf2,668
Sdhb,1145
Sdhc,1115
Sdhd,1012
Sec11a,1085
Sec11c,1096
Sec13,1004
Sec14l1,634
Sec16a,672
Sec22b,880
Sec23b,764
Sec24c,783
Sec31a,980
Sec61a1,1007
Sec61b,1193
Sec61g,1196
Sec62,1178
Sec63,895
Seh1l,866
Sel1l,755
Selenbp1,810
Selk,1194
Sema4a,658
Senp2,781
Senp3,770
Senp6,1018
Sep15,1190
Sephs2,805
Sepp1,661
Sept2,1019
Sept7,1131
Sept8,633
Sept9,742
Sepw1,1181
Sepx1,1018
Serbp1,1196
Serf1,835
Serf2,1196
Serhl,608
Serinc1,919
Serinc2,670
Serinc3,1053
Serp1,1174
Serpinb5,757
Serpinb6a,726
Sertad1,924
Sertad2,874
Set,1191
Setd2,755
Setd3,948
Setd5,765
Setd7,655
Setd8,1079
Sf1,1125
Sf3a1,713
Sf3a2,756
Sf3a3,702
Sf3b1,1183
Sf3b2,1179
Sf3b3,786
Sf3b4,1039
Sf3b5,1168
Sfn,876
Sfpq,1148
Sfr1,1184
Sfrs18,932
Sft2d1,984
Sft2d2,666
Sfxn1,942
Sgk1,906
Sgpl1,771
Sgpp1,714
Sgta,987
Sh3bgrl,769
Sh3bgrl3,1182
Sh3gl1,787
Sh3glb1,1124
Sh3glb2,907
Sh3pxd2a,650
Shb,614
Shc1,735
Shfm1,1196
Shisa5,1035
Shmt2,785
Shoc2,811
Siah1a,610
Siah2,815
Sidt2,853
Sigmar1,653
Sik1,674
Sike1,687
Sin3b,1083
Sirt2,946
Sirt7,793
Siva1,955
Ski,769
Skil,773
Skiv2l,604
Skp1a,1188
Slain2,879
Slbp,852
Slc20a1,601
Slc25a1,756
Slc25a11,1046
Slc25a17,1020
Slc25a25,817
Slc25a3,1196
Slc25a37,641
Slc25a39,891
Slc25a4,1152
Slc25a46,734
Slc25a5,1194
Slc2a1,797
Slc30a9,726
Slc31a1,814
Slc35a4,830
Slc35b1,897
Slc35b2,656
Slc35c2,641
Slc35f5,707
Slc38a10,752
Slc38a2,1110
Slc39a1,642
Slc39a6,766
Slc39a7,925
Slc3a2,1148
Slc44a2,801
Slc48a1,1016
Slc50a1,798
Slc6a6,725
Slc6a8,706
Slc7a1,674
Slc7a6os,709
Slc9a3r1,1081
Slk,979
Slmap,895
Slmo2,996
Slpi,668
Sltm,1086
Slu7,788
Slx1b,671
Smad1,655
Smad2,867
Smad4,611
Smad7,702
Smagp,814
Smap1,1098
Smap2,685
Smarca4,1091
Smarca5,1099
Smarcb1,931
Smarcc1,908
Smarcc2,684
Smarcd2,986
Smarce1,1077
Smc1a,986
Smc3,922
Smc4,738
Smc6,910
Smchd1,870
Smek1,794
Smek2,932
Smg1,762
Smg6,604
Smg7,680
Smn1,751
Smndc1,876
Smox,626
Smpdl3a,723
Sms,699
Smu1,896
Smyd2,792
Snap23,736
Snapc5,964
Snapin,782
Snd1,879
Snf8,1130
Snhg1,1058
Snhg12,871
Snhg3,1041
Snhg4,723
Snhg5,798
Snhg6,1043
Snhg8,1151
Snhg9,602
Snrk,679
Snrnp200,664
Snrnp25,835
Snrnp27,1072
Snrnp40,787
Snrnp48,798
Snrnp70,1134
Snrpa,984
Snrpa1,933
Snrpb,1190
Snrpb2,1015
Snrpc,1068
Snrpd1,1148
Snrpd2,1190
Snrpd3,1074
Snrpe,1192
Snrpf,1193
Snrpg,1195
Snw1,1068
Snx1,748
Snx12,760
Snx15,700
Snx17,959
Snx2,939
Snx3,1184
Snx4,712
Snx5,1043
Snx6,990
Socs3,627
Sod1,1087
Sod2,1153
Son,1189
Sord,724
Sort1,679
Sowahc,705
Sox4,638
Sp1,645
Sp3,746
Spag7,1078
Spag9,939
Spast,626
Spcs1,1182
Spcs2,1167
Spcs3,809
Spen,650
Spg21,1061
Spg7,701
Sphk2,608
Spin1,817
Spint1,779
Spint2,1119
Spna2,859
Spnb2,1008
Spop,1109
Sppl3,817
Spr,892
Sprr1a,680
Spryd3,602
Spsb3,634
Sptlc1,811
Sptlc2,903
Spty2d1,815
Sqle,760
Sqstm1,1070
Sra1,1092
Srebf1,703
Srebf2,663
Srek1,755
Srf,672
Sri,1146
Srm,875
Srp14,1190
Srp19,1096
Srp68,919
Srp72,1094
Srp9,1193
Srpk1,932
Srpk2,860
Srpr,1009
Srprb,777
Srrm1,1161
Srrm2,1180
Srrt,853
Srsf1,1078
Srsf10,1024
Srsf11,1149
Srsf2,1193
Srsf3,1190
Srsf4,805
Srsf5,1193
Srsf6,1169
Srsf7,1164
Srsf9,1095
Srxn1,720
Ss18,898
Ssb,1170
Ssbp1,982
Ssbp2,621
Ssbp3,887
Ssbp4,864
Ssfa2,656
Ssna1,1051
Ssr1,1103
Ssr2,1145
Ssr3,1134
Ssr4,1191
Ssrp1,1109
Sssca1,860
Ssu72,1162
Ssx2ip,690
St13,1132
St14,690
Stag1,663
Stag2,813
Stam2,700
Stap2,656
Stard10,902
Stard3nl,621
Stard7,710
Stat3,1012
Stat6,806
Stau1,631
Stip1,1021
Stk11,1005
Stk16,933
Stk17b,683
Stk19,848
Stk24,1042
Stk25,841
Stk38,647
Stk4,610
Stk40,805
Stmn1,985
Stoml2,1031
Stra13,1106
Strap,1156
Strbp,734
Strn3,1019
Strn4,809
Stt3a,858
Stt3b,1040
Stub1,1167
Stx12,886
Stx16,637
Stx3,625
Stx4a,963
Stx5a,830
Stx6,694
Stx7,918
Stx8,858
Stxbp2,901
Stxbp3a,688
Styx,753
Sub1,1196
Sucla2,961
Suclg1,1059
Suclg2,892
Suds3,1103
Sugt1,1074
Sumo1,1185
Sumo2,1195
Sumo3,1122
Sun1,655
Sun2,707
Supt16h,767
Supt4h1,1118
Supt5h,871
Supt6h,866
Surf1,884
Surf2,611
Surf4,1084
Suv420h1,598
Suz12,811
Swi5,1192
Syap1,868
Syf2,1085
Sympk,671
Syncrip,1098
Syne2,637
Syngr2,1109
Synj2bp,788
Sypl,1156
Sys1,1130
Sytl1,727
Syvn1,610
Tab2,919
Tacc2,697
Tacstd2,904
Taf1,651
Taf10,1154
Taf11,843
Taf12,832
Taf13,893
Taf15,927
Taf1d,990
Taf3,677
Taf5l,657
Taf7,795
Taf9,1165
Tagln2,1182
Taldo1,1186
Tank,653
Taok1,840
Taok3,673
Tapbp,1071
Tarbp2,668
Tardbp,1072
Tars,888
Tatdn2,691
Tax1bp1,1175
Tax1bp3,911
Taz,647
Tbc1d10a,785
Tbc1d15,720
Tbc1d17,616
Tbca,1196
Tbcb,1144
Tbcc,671
Tbl1x,621
Tbl1xr1,709
Tbrg1,1084
Tbrg4,620
Tcea1,1088
Tceal8,932
Tceb1,1178
Tceb2,1196
Tceb3,804
Tcerg1,906
Tcf12,641
Tcf25,1183
Tcf3,802
Tcf4,676
Tcn2,727
Tcp1,1171
Tecr,1183
Tes,622
Tet3,832
Tex261,799
Tex264,869
Tfam,665
Tfb2m,624
Tfg,1016
Tfrc,610
Tgfb1,764
Tgif1,855
Tgoln1,927
Tgs1,650
Thap11,698
Thap4,669
Thoc2,961
Thoc3,678
Thoc6,785
Thoc7,1129
Thop1,743
Thrap3,1054
Thumpd1,676
Thumpd3,657
Tial1,989
Tiam1,789
Timm10,825
Timm13,1192
Timm17a,1104
Timm17b,989
Timm22,887
Timm23,1167
Timm44,872
Timm50,745
Timm8a1,910
Timm8b,1146
Timm9,656
Tinagl1,647
Tiparp,844
Tipin,661
Tiprl,784
Tjp1,708
Tjp2,739
Tkt,1159
Tle3,780
Tlk1,619
Tln1,799
Tm2d1,969
Tm2d2,1031
Tm2d3,749
Tm9sf1,810
Tm9sf2,1022
Tm9sf3,1160
Tm9sf4,689
Tmbim1,896
Tmbim4,1084
Tmbim6,1192
Tmcc3,693
Tmco1,1159
Tmed10,1195
Tmed2,1192
Tmed3,1097
Tmed4,639
Tmed5,1107
Tmed7,1044
Tmed9,1186
Tmem106c,749
Tmem107,607
Tmem109,920
Tmem11,1017
Tmem111,949
Tmem115,642
Tmem123,1060
Tmem126a,802
Tmem128,842
Tmem131,670
Tmem134,1167
Tmem141,668
Tmem147,1123
Tmem14c,1167
Tmem159,598
Tmem160,990
Tmem165,957
Tmem167,1132
Tmem176a,600
Tmem176b,758
Tmem179b,953
Tmem183a,989
Tmem192,699
Tmem205,988
Tmem208,1101
Tmem214,632
Tmem219,825
Tmem222,808
Tmem223,828
Tmem29,692
Tmem30a,1023
Tmem33,978
Tmem40,691
Tmem41b,643
Tmem43,814
Tmem5,724
Tmem50a,1140
Tmem50b,753
Tmem51,635
Tmem55a,638
Tmem55b,756
Tmem57,671
Tmem59,1188
Tmem60,744
Tmem63a,669
Tmem63b,783
Tmem65,713
Tmem66,1102
Tmem70,857
Tmem85,1047
Tmem93,1161
Tmem97,703
Tmem9b,944
Tmf1,810
Tmod3,980
Tmpo,939
Tmprss13,625
Tmsb10,1164
Tmsb4x,1192
Tmx1,892
Tmx2,658
Tmx3,741
Tnfaip1,848
Tnfaip8,1013
Tnfrsf12a,863
Tnfrsf1a,1035
Tnk2,641
Tnks1bp1,710
Tnks2,893
Tnpo2,599
Tnpo3,888
Tnrc18,621
Tnrc6a,847
Tnrc6b,853
Tob1,907
Tob2,932
Tollip,816
Tom1,623
Tomm20,1196
Tomm22,1182
Tomm34,741
Tomm40,1053
Tomm5,1150
Tomm6,1196
Tomm7,1196
Tomm70a,967
Top1,1182
Top2b,1026
Topors,752
Tor1a,744
Tor1aip1,958
Tor1aip2,1025
Tor1b,606
Tor2a,816
Tox4,779
Tpd52,1044
Tpd52l2,1052
Tpi1,1178
Tpm1,986
Tpm2,683
Tpm3,1191
Tpm4,1047
Tpp1,842
Tpp2,746
Tppp3,623
Tpr,1126
Tprgl,1102
Tpst2,674
Tpt1,1196
Tra2a,998
Tra2b,1170
Trabd,950
Traf7,853
Trafd1,661
Tram1,1109
Trap1,791
Trappc1,945
Trappc10,648
Trappc2l,1079
Trappc3,986
Trappc4,1118
Trappc5,886
Trappc6a,1113
Trappc6b,1071
Triap1,903
Trib1,851
Trim16,688
Trim25,659
Trim27,773
Trim28,1047
Trim29,728
Trim44,646
Trim8,629
Triobp,786
Trip11,649
Trip12,950
Trip6,613
Trmt1,794
Trmt112,1145
Trmt6,642
Trnau1ap,874
Trnt1,728
Trp53,972
Trp53bp2,631
Trpc4ap,868
Trps1,675
Tsc22d1,969
Tsc22d2,693
Tsc22d3,662
Tsc22d4,1072
Tsen34,1014
Tsfm,795
Tsg101,1094
Tshz1,635
Tsn,1123
Tsnax,880
Tspan13,637
Tspan14,788
Tspan3,929
Tspan31,926
Tspan5,629
Tspan7,637
Tspan9,708
Tspo,1171
Tspyl1,688
Tsr1,599
Tssc1,602
Tssc4,614
Tst,810
Tsta3,861
Ttc1,878
Ttc14,751
Ttc3,898
Ttc35,850
Tuba1a,877
Tuba1b,1169
Tuba1c,1049
Tuba4a,1118
Tubb2a,947
Tubb4b,1190
Tubb5,1160
Tufm,928
Tug1,717
Tulp4,622
Tusc2,787
Twf1,901
Twistnb,884
Twsg1,761
Txlna,688
Txn1,1196
Txn2,1173
Txndc12,611
Txndc15,862
Txndc17,1190
Txndc5,857
Txndc9,1092
Txnip,618
Txnl1,1158
Txnl4a,1178
Txnrd1,953
U2af1,1169
U2af1l4,791
U2af2,1077
Uap1,903
Uba1,1128
Uba2,983
Uba3,701
Uba5,756
Uba52,1196
Ubac2,835
Ubap1,785
Ubap2,853
Ubap2l,1041
Ubb,1196
Ubc,1196
Ube2a,1101
Ube2b,1183
Ube2d1,650
Ube2d2,1180
Ube2d3,1195
Ube2e1,1144
Ube2e3,1017
Ube2f,971
Ube2g1,930
Ube2g2,895
Ube2h,870
Ube2i,1187
Ube2j1,829
Ube2j2,916
Ube2k,1167
Ube2l3,1170
Ube2m,1094
Ube2n,1172
Ube2q1,827
Ube2q2,740
Ube2r2,1094
Ube2s,1192
Ube2v1,1168
Ube2v2,987
Ube2w,774
Ube2z,812
Ube3a,1003
Ube3b,631
Ube4a,668
Ube4b,671
Ubfd1,764
Ubl3,857
Ubl4,1065
Ubl5,1196
Ubl7,790
Ubn1,892
Ubn2,841
Ubp1,665
Ubqln1,1032
Ubqln4,649
Ubr2,722
Ubr4,849
Ubr5,873
Ubtd1,725
Ubtf,1007
Ubxn1,1185
Ubxn2a,828
Ubxn4,1148
Ubxn6,999
Uchl3,1078
Uchl5,912
Uck2,789
Ucp2,1144
Ufc1,1124
Ufd1l,816
Ufm1,1095
Ufsp2,701
Ugcg,711
Ugdh,654
Uggt1,624
Ugp2,906
Uhrf1bp1l,648
Ulk1,648
Unc45a,840
Unc50,939
Upf1,841
Upf2,720
Upf3a,832
Upf3b,745
Uqcr10,1196
Uqcr11,1196
Uqcrb,1196
Uqcrc1,1162
Uqcrc2,1162
Uqcrfs1,1186
Uqcrh,1196
Uqcrq,1195
Urm1,830
Use1,1187
Usf2,983
Usmg5,1188
Uso1,836
Usp1,728
Usp10,757
Usp14,941
Usp15,764
Usp16,887
Usp19,807
Usp22,731
Usp25,943
Usp3,607
Usp34,1013
Usp39,649
Usp4,855
Usp47,793
Usp48,644
Usp5,846
Usp7,876
Usp8,792
Usp9x,944
Utp11l,1002
Utp14a,765
Utp18,736
Utp3,986
Utrn,669
Uxt,817
Vamp2,738
Vamp3,943
Vamp7,660
Vamp8,1190
Vapa,1191
Vapb,1015
Vars,912
Vasp,1102
Vat1,933
Vbp1,962
Vcl,774
Vcp,1189
Vdac1,1180
Vdac2,1183
Vdac3,1116
Vegfa,604
Vezf1,774
Vkorc1,924
Vma21,1009
Vmp1,1035
Vps13a,667
Vps25,1064
Vps26a,908
Vps26b,652
Vps28,1135
Vps29,1083
Vps35,1072
Vps36,1009
Vps37a,764
Vps37b,845
Vps41,658
Vps4a,730
Vps4b,1037
Vps53,648
Vps72,889
Vta1,847
Vti1b,1102
Wac,1031
Wapal,990
Wars,666
Wasf2,1030
Wasl,879
Wbp1,775
Wbp11,1091
Wbp2,1004
Wbp4,1025
Wbp5,1132
Wbscr22,821
Wdr1,1153
Wdr18,768
Wdr26,1024
Wdr33,934
Wdr36,614
Wdr43,934
Wdr45l,813
Wdr46,650
Wdr5,684
Wdr61,1093
Wdr74,784
Wdr77,687
Wdr82,662
Wdr83,638
Wdr89,1034
Wee1,604
Wfdc2,618
Whsc1l1,884
Wibg,669
Wipf2,702
Wipi2,663
Wls,849
Wnk1,1102
Wnt4,734
Wnt7b,664
Wsb1,1004
Wsb2,775
Wtap,885
Wwp1,652
Wwtr1,615
Xbp1,1102
Xist,760
Xpa,680
Xpnpep1,828
Xpo1,780
Xpo7,624
Xpot,733
Xrcc1,626
Xrn2,965
Yaf2,818
Yap1,747
Yars,702
Ybx1,1196
Yeats4,925
Yif1a,1011
Yif1b,965
Yipf1,826
Yipf3,1000
Yipf4,1051
Yipf5,892
Yipf6,650
Ykt6,865
Ylpm1,603
Yme1l1,880
Ypel3,958
Ypel5,762
Yrdc,1053
Ythdc1,1032
Ythdf1,784
Ythdf2,944
Ythdf3,675
Ywhab,1188
Ywhae,1195
Ywhag,1091
Ywhah,1098
Ywhaq,1190
Ywhaz,1194
Yy1,1078
Zbtb7a,1086
Zbtb7b,697
Zbtb8os,705
Zc3h11a,1049
Zc3h12a,624
Zc3h13,844
Zc3h14,854
Zc3h15,1156
Zc3h18,764
Zc3h7a,734
Zcchc10,610
Zcchc17,878
Zcchc6,878
Zcchc7,809
Zcchc8,615
Zcchc9,785
Zcrb1,1141
Zdhhc13,668
Zdhhc20,897
Zdhhc21,736
Zdhhc3,867
Zdhhc4,627
Zdhhc5,802
Zdhhc6,670
Zfand1,643
Zfand2b,828
Zfand3,786
Zfand5,1159
Zfand6,1113
Zfml,619
Zfp106,929
Zfp131,875
Zfp148,773
Zfp207,1088
Zfp259,801
Zfp266,736
Zfp292,605
Zfp326,812
Zfp330,817
Zfp36,1096
Zfp36l1,984
Zfp36l2,854
Zfp467,672
Zfp511,616
Zfp593,905
Zfp622,922
Zfp644,634
Zfp655,653
Zfp664,630
Zfp672,719
Zfp703,696
Zfp706,1191
Zfp771,772
Zfp830,602
Zfp871,672
Zfp91,843
Zfpl1,694
Zfr,904
Zkscan3,622
Zmat2,1110
Zmat5,862
Zmiz1,865
Zmiz2,746
Zmpste24,650
Zmym5,822
Zmynd11,849
Zmynd8,637
Znhit1,1049
Znhit2-ps,631
Znrd1,988
Znrf1,877
Zranb2,907
Zrsr2,867
Zyx,824
Zzz3,698
l7Rn6,867
